{
  "version": 5,
  "syncRevision": 33,
  "mapScale": {
    "start": {
      "x": 995.6318452705455,
      "y": 1679.846645318188
    },
    "end": {
      "x": 906.1985145172182,
      "y": 168.53477380148547
    },
    "linePhysicalLength": 86
  },
  "backgroundOpacity": 0.39,
  "onboardingState": "done",
  "backgroundImagePath": "plans/zlatar-permaplanner/background.png"
}